id;contenu;horodatage
1;../fake-data/blob/hipster.txt;2026-04-22T13:38:53
2;../fake-data/blob/hipster.txt;2026-04-22T16:30:55
3;../fake-data/blob/hipster.txt;2026-04-22T13:23:15
4;../fake-data/blob/hipster.txt;2026-04-22T23:20:00
5;../fake-data/blob/hipster.txt;2026-04-22T19:40:24
6;../fake-data/blob/hipster.txt;2026-04-23T01:43:21
7;../fake-data/blob/hipster.txt;2026-04-22T21:00:32
8;../fake-data/blob/hipster.txt;2026-04-23T00:38:18
9;../fake-data/blob/hipster.txt;2026-04-23T00:42:01
10;../fake-data/blob/hipster.txt;2026-04-22T17:05:39
