id;nom;prenom;email;is_banned
1;prudent;amused litter;"(z@/_23v~.&,jiT";false
2;mmm jaggedly cloudy;and slow absent;"z@Ax.y9L~V";false
4;exaggerate;acceptable snappy pish;"M69@F8._6?1v";false
5;reference when;gloom;"[xoTm@I<^Vh}.(9J+Ta";false
6;footrest meh;forearm wonderfully fray;"_O@Bk.G$Q/";false
7;till;gigantic barring bob;"6X@9_.TySc#";true
8;justly earnest guacamole;sizzling yowza;";n@}WXE.qf";false
9;airman achieve;whoever camouflage;"1o@>UmzY.PE_";true
10;surprisingly unlike basic;boohoo contradict;"LRM@QE5.;-[9[n";false
